CpG_ID,Phenotype,seqnames,start,end,gene_name,gene_region,relation_to_island,P_haEWAS,Effect_haEWAS,FDR_haEWAS,P_Beta,Effect_Beta,FDR_Beta,Group
cg21795255,Parity_Blood,chr4,10009916,10009917,SLC2A9;SLC2A9,Body;Body,,4.30431572905021e-08,-0.3568983283190395,0.0027543981562623,8.823580628504035e-12,-0.4357671753657488,7.205371235558909e-06,Common
cg02527811,Parity_Blood,chr2,241834907,241834908,C2orf54,1stExon,,0.0004446781540546,-0.2246362112413686,0.2054834627699707,3.3583341679692834e-11,-0.4157437269205171,1.3712145574501943e-05,Beta-only
cg12091331,Parity_Blood,chr8,42065314,42065315,PLAT;PLAT,TSS200;TSS200,,7.570757420494875e-10,0.2803355905146146,0.0002664554571794,6.448875940113143e-10,0.2811028497028167,0.0001303261152191,Common
cg05629653,Parity_Blood,chr18,20838430,20838431,CABLES1;CABLES1;CABLES1;CABLES1,3'UTR;3'UTR;3'UTR;Body,,1.5056173533355592e-11,0.1788808495472827,1.0598145943343737e-05,7.979762235988715e-10,0.171683904656105,0.0001303261152191,Common
cg12765042,Parity_Blood,chr8,42065298,42065299,PLAT;PLAT,TSS200;TSS200,,1.561345927143982e-09,0.3357433140710083,0.0003663474425127,1.5816668124604943e-09,0.3349323114833343,0.0002152659076204,Common
cg16517419,Parity_Blood,chr5,3980447,3980448,,,,0.0002010975505982,-0.1620984406015168,0.1585140789811742,2.0241021136974557e-09,-0.3120499265923876,0.0002361271260648,Beta-only
cg12321743,Parity_Blood,chr10,81368678,81368679,,,,1.161820069999796e-08,0.2389925635183294,0.0016356265600266,4.037839272063128e-09,0.2261079343164415,0.0004121644626154,Common
cg03307659,Parity_Blood,chr12,34547930,34547931,,,,0.0798011537941384,-0.1175828121015111,0.7748625046273366,6.7809041240671215e-09,0.3757107978514171,0.0006152570479255,Beta-only
cg06998183,Parity_Blood,chr10,33797122,33797123,,,,9.186012048695756e-09,-0.334307751066101,0.0016165245457903,9.061362041711152e-09,-0.3356225654775251,0.0007399544488709,Common
cg00797703,Parity_Blood,chr4,81093567,81093568,,,,2.8631247722364854e-08,-0.1640810800108952,0.0027543981562623,2.8993335124221334e-08,-0.1644819694385702,0.0021523703123436,Common
cg05868677,Parity_Blood,chr10,115034087,115034088,,,,4.1233447758612564e-08,-0.3270799067444376,0.0027543981562623,3.819213202975191e-08,-0.3285699542833549,0.0022705416777891,Common
cg27410255,Parity_Blood,chr11,119888751,119888752,,,,7.045954169521135e-07,-0.2797672508626275,0.0154990514425159,4.1464587000831176e-08,-0.3095038887134168,0.0022705416777891,Common
cg26971638,Parity_Blood,chr6,138356462,138356463,,,,4.20664066758771e-08,-0.3441242945700749,0.0027543981562623,4.170702711086148e-08,-0.3441572578810771,0.0022705416777891,Common
cg14540792,Parity_Blood,chr8,42065152,42065153,PLAT;PLAT;PLAT;PLAT,1stExon;1stExon;5'UTR;5'UTR,,3.579084767720795e-08,0.3492301457235547,0.0027543981562623,5.9246159364079524e-08,0.3430808193665048,0.003023790670084,Common
cg08014320,Parity_Blood,chr17,42268708,42268709,TMUB2;TMUB2;TMUB2,3'UTR;3'UTR;3'UTR,S_Shelf,0.0851131153196374,0.1080375767037073,0.7371931325461049,6.51696765670572e-08,0.3476152112982706,0.003130459915492,Beta-only
cg07896386,Parity_Blood,chr11,12088419,12088420,,,,5.999145928697358e-08,0.1603229046722154,0.0032483390871012,9.548395650576721e-08,0.1614130088551334,0.0043318100454686,Common
cg04864083,Parity_Blood,chr19,51293620,51293621,ACPT,TSS200,N_Shore,0.3012277879207591,-0.261820857160371,0.9089652304773465,1.153153017791386e-07,0.341945661755796,0.0049561545628448,Beta-only
cg13462547,Parity_Blood,chr13,99542713,99542714,DOCK9;DOCK9;DOCK9;DOCK9,Body;Body;Body;Body,,2.6800642325194976e-07,-0.2674133850663352,0.0089834093986671,1.3336895106406368e-07,-0.2781355284699734,0.0050605234883731,Common
cg13490483,Parity_Blood,chr16,89425860,89425861,ANKRD11;ANKRD11;ANKRD11;ANKRD11,Body;5'UTR;5'UTR;5'UTR,,6.14751254797056e-08,0.2492012456920434,0.0199307274815243,1.3406467274412877e-07,0.2430841633422153,0.0050605234883731,Common
cg12020137,Parity_Blood,chr21,39083071,39083072,KCNJ6,Body,,1.5850197795703724e-07,0.332384039827275,0.0069731657373627,1.3633476782407352e-07,0.3341444607970893,0.0050605234883731,Common
cg19293287,Parity_Blood,chr4,8557669,8557670,,,,0.1705219042153051,0.0869256481498488,0.8546816827509063,1.4541705073608077e-07,-0.3334649233624686,0.0051629628390994,Beta-only
cg03223881,Parity_Blood,chr10,133857863,133857864,,,,1.8033386033107498e-07,-0.3372056981731962,0.0074669568602391,1.569766869532772e-07,-0.338906939430515,0.0053411579363664,Common
cg22860750,Parity_Blood,chr4,75857912,75857913,PARM1,TSS1500,N_Shore,1.2244920337742905e-07,-0.3317103263336555,0.0222228307392519,1.6714404153579174e-07,0.3271277592591364,0.0054596197157717,Common
cg27370229,Parity_Blood,chr16,89226999,89227000,C16orf81,Body,S_Shore,1.713624489467557e-07,-0.2447524925466626,0.0222228307392519,1.8322057610022162e-07,0.2447089624488811,0.0057545636663748,Common
cg03970153,Parity_Blood,chr21,33002456,33002457,,,,2.152643810406355e-07,-0.3315593237299881,0.0078787210077832,2.1084874480115106e-07,-0.3316454443271317,0.0063770343851703,Common
cg03093735,Parity_Blood,chr4,119771278,119771279,SYNPO2,TSS1500,,0.5063292894395757,0.0426271282561641,0.936221129753388,2.357686702619112e-07,-0.3300798684008004,0.0068760585432342,Beta-only
cg02252925,Parity_Blood,chr8,42065274,42065275,PLAT;PLAT,TSS200;TSS200,,2.2385687335921506e-07,0.3288217183382425,0.0078787210077832,2.539988032894356e-07,0.3273454934063729,0.0071522909917712,Common
cg22801896,Parity_Blood,chr8,142452509,142452510,FLJ43860,Body,Island,1.0,0.0,1.0,2.674801875531621e-07,-0.3341751677217089,0.007280846369222,Beta-only
cg08262907,Parity_Blood,chr4,110625181,110625182,CASP6;CASP6,TSS1500;TSS1500,S_Shore,3.481903407358789e-07,0.1820188922575624,0.0104026243495006,3.373379596501395e-07,0.1832261799284966,0.0088861782968433,Common
cg17051407,Parity_Blood,chr21,43723461,43723462,,,N_Shelf,0.0226221837749073,0.2450199973737339,0.5768826587967233,3.6520875063847617e-07,0.178760574431435,0.0093197164564494,Beta-only
cg10684777,Parity_Blood,chr14,21995727,21995728,SALL2;SALL2;SALL2;SALL2;SALL2,TSS1500;TSS1500;Body;Body;Body,,0.0557109756402611,0.1477270959054857,0.6837782181987483,4.861231544672245e-07,0.1543856080198586,0.0120293973463804,Beta-only
cg13868026,Parity_Blood,chr14,100541686,100541687,EVL,Body,,0.408022129014903,0.0848512421936685,0.9350628407236924,5.100734898905338e-07,-0.1948802655234238,0.0121555340582216,Beta-only
cg13364650,Parity_Blood,chr9,123748235,123748236,C5,Body,,5.365832155523846e-07,0.2520578885383526,0.013024299362408,5.299365412594778e-07,0.2539020735182184,0.0121555340582216,Common
cg23830335,Parity_Blood,chr1,229506493,229506494,,,,1.4365426521879992e-05,0.2830853870125661,0.0583843511026853,5.428895674760509e-07,0.3181458152414788,0.0121555340582216,Beta-only
cg13263846,Parity_Blood,chr11,10481231,10481232,AMPD3;AMPD3;AMPD3;AMPD3;AMPD3,5'UTR;TSS1500;5'UTR;Body;Body,,4.3575357971000793e-07,-0.3231303740294005,0.0110387487218162,5.507623770569344e-07,-0.3197235070345803,0.0121555340582216,Common
cg15726857,Parity_Blood,chr12,121871113,121871114,KDM2B;KDM2B,Body;Body,,0.4044627293634978,0.0800097734230732,0.913909604539636,5.99113976256761e-07,0.1475701540955276,0.0128747070912414,Beta-only
cg21872327,Parity_Blood,chr2,15451590,15451591,NBAS;NBAS,Body;Body,,1.0,0.0,1.0,6.609229076717312e-07,0.2727719972839281,0.0138387766691375,Beta-only
cg14532484,Parity_Blood,chr9,138458521,138458522,PAEP;PAEP,3'UTR;3'UTR,,4.390991483404144e-07,-0.2552193628499513,0.0110387487218162,7.007427761594605e-07,-0.2508362734479403,0.0140220412091957,Common
cg00808648,Parity_Blood,chr14,105779910,105779911,PACS2;PACS2,TSS1500;TSS1500,N_Shore,1.9246875827436265e-07,0.1711847631494239,0.0075266725683684,7.040177241074339e-07,0.1639441151683918,0.0140220412091957,Common
cg23363015,Parity_Blood,chr8,42123384,42123385,LOC101929897,Body,,8.433906909761908e-07,0.3186894121389766,0.0169619603175136,8.55638163771969e-07,0.3186385548575641,0.0166361320735439,Common
cg07553030,Parity_Blood,chr20,61290360,61290361,SLCO4A1,Body,S_Shore,6.110986916097537e-05,0.2634083529235725,0.1596871193137531,1.0083311482604892e-06,-0.3214836807120784,0.019037165979455,Beta-only
cg13050399,Parity_Blood,chr11,12088465,12088466,,,,7.493153216277595e-07,0.1724969543868128,0.0159832818212433,1.0549025824412714e-06,0.1719113799768055,0.019037165979455,Common
cg18006975,Parity_Blood,chr5,121509692,121509693,LOC100505841,Body,,4.160808742356319e-05,-0.2573497863680246,0.1401253098149697,1.0597309454774417e-06,-0.3166854423411671,0.019037165979455,Beta-only
cg20424211,Parity_Blood,chr3,194030734,194030735,LINC00887,TSS200,N_Shelf,1.7288890547840994e-06,0.1715273106653657,0.0431168971287264,1.1121511665054652e-06,0.1758978296546324,0.019037165979455,Common
cg26381210,Parity_Blood,chr10,88632654,88632655,BMPR1A,5'UTR,,1.0845255742833903e-06,0.1246289188278156,0.0204922730214116,1.1258904465480089e-06,0.1244048570875964,0.019037165979455,Common
cg17422019,Parity_Blood,chr6,129462493,129462494,LAMA2;LAMA2,Body;Body,,0.0391866754864494,0.3336662537707302,0.6405476120660959,1.1824342758282676e-06,0.3023951165143063,0.019037165979455,Beta-only
cg07868747,Parity_Blood,chr16,80770191,80770192,CDYL2,Body,,1.0,0.0,1.0,1.2104499352969745e-06,-0.3083467149573402,0.019037165979455,Beta-only
cg07191900,Parity_Blood,chr22,17564994,17564995,IL17RA,TSS1500,Island,0.0002196334083677,0.1849380753150498,0.227278024607957,1.2144196589658131e-06,-0.2408319838659232,0.019037165979455,Beta-only
cg25642069,Parity_Blood,chr8,144408230,144408231,TOP1MT,Body,,1.0,0.0,1.0,1.2232683680516424e-06,0.1657610612601286,0.019037165979455,Beta-only
cg16162970,Parity_Blood,chr14,105779952,105779953,PACS2;PACS2,TSS1500;TSS1500,N_Shore,8.408466922987361e-07,0.1260597326144768,0.0169619603175136,1.2335742978461537e-06,0.1245506317021887,0.019037165979455,Common
cg17330443,Parity_Blood,chr2,237218314,237218315,,,,0.0006290886556401,0.2211214610642366,0.3060426661807564,1.2430063588520956e-06,0.3115531050656013,0.019037165979455,Beta-only
cg23796357,Parity_Blood,chr10,35153602,35153603,,,,1.1965663639829872e-06,0.2576224742008528,0.0205432058432237,1.258880636012771e-06,0.2575599120647576,0.019037165979455,Common
cg15557309,Parity_Blood,chr1,231155948,231155949,MIR1182;FAM89A,TSS1500;Body,,0.3491807284518258,-0.0608354593503445,0.8983831981364816,1.3318112320061115e-06,-0.3084769114469023,0.0194381288114653,Beta-only
cg20758542,Parity_Blood,chr22,17565149,17565150,IL17RA,TSS1500,N_Shore,1.4668457841919105e-06,-0.2217122480341943,0.0228006525624058,1.333002548900154e-06,-0.2224846983422682,0.0194381288114653,Common
cg03329921,Parity_Blood,chr13,94298713,94298714,GPC6,Body,,3.510314238886045e-07,-0.3281154039915739,0.0268560202388707,1.4278750890410168e-06,0.3084350478585433,0.0197899100209198,Common
cg00026401,Parity_Blood,chr6,40445699,40445700,LRFN2,5'UTR,,2.1094221086535742e-06,-0.3010518318106346,0.0268271220013377,1.5352316807028591e-06,-0.3063933582937692,0.0208946055231446,Common
cg09556279,Parity_Blood,chr19,51749698,51749699,,,,0.0001270925618162,0.1847927618227311,0.143206583946001,1.5643679306818689e-06,0.219438280262233,0.0209421165519104,Beta-only
cg07073561,Parity_Blood,chr17,79615824,79615825,,,S_Shore,2.5701742785065084e-06,0.3044604195153258,0.0556813757905142,1.6116165144662316e-06,-0.310522451323109,0.0212247754538502,Beta-only
cg05915882,Parity_Blood,chr6,170535321,170535322,,,,4.358684970264154e-07,0.1353474091273181,0.0110387487218162,1.6374654711372534e-06,0.1351705156497414,0.0212247754538502,Common
cg02840936,Parity_Blood,chr1,20492386,20492387,PLA2G2C,Body,,1.5224037698631688e-06,0.2643047308808393,0.0228006525624058,1.72985445176175e-06,0.2626699992845105,0.0218359519757684,Common
cg19607429,Parity_Blood,chr12,54385112,54385113,MIR196A2,TSS1500,N_Shelf,1.2821440481777974e-06,0.3131885988833191,0.0214883373933497,1.791902268043746e-06,0.3048294016819773,0.0218359519757684,Common
cg09032128,Parity_Blood,chr11,66623336,66623337,PC;PC;PC,Body;Body;Body,N_Shore,2.321248834663561e-06,0.110600485581647,0.0273113061575872,1.808730572965832e-06,0.1168551767282005,0.0218359519757684,Common
cg18718469,Parity_Blood,chr6,2877903,2877904,,,S_Shelf,3.546817752743113e-07,0.329997960973401,0.0104026243495006,1.8183167537169229e-06,0.3085167636075734,0.0218359519757684,Common
cg04613354,Parity_Blood,chr2,109626929,109626930,,,,4.848056294723991e-06,-0.2860466091475622,0.0380625956295611,1.8745858949623784e-06,-0.302897692178564,0.022185425219853,Common
cg24435844,Parity_Blood,chr11,22688802,22688803,GAS2;GAS2,TSS1500;5'UTR,S_Shore,2.467019012213228e-05,0.2109459628908461,0.073140706700743,1.9050402831721807e-06,0.2401330550093144,0.0222237645057076,Beta-only
cg20316427,Parity_Blood,chr8,142288216,142288217,,,,1.3134424492640637e-05,-0.2369612673608124,0.0557080416483349,2.0028461029387906e-06,-0.2608840291085527,0.0230356639302003,Beta-only
cg05758804,Parity_Blood,chr12,57917389,57917390,MBD6,5'UTR,S_Shore,0.000187798921137,0.0898198418619838,0.1566267478445505,2.034152755955124e-06,0.1089169525498521,0.0230707955156108,Beta-only
cg08848269,Parity_Blood,chr1,39282666,39282667,,,N_Shore,0.000210078569709,-0.2315497104326426,0.2242146711832436,2.074936293029039e-06,0.2949681093910563,0.0232109763922285,Beta-only
cg07456376,Parity_Blood,chr17,39557589,39557590,,,,1.0,0.0,1.0,2.121137643688511e-06,0.2978812882034651,0.0233651821030739,Beta-only
cg16940601,Parity_Blood,chr19,7208174,7208175,INSR;INSR,Body;Body,,8.841194982726677e-07,-0.2830261124468545,0.0337221899171747,2.1459466984371205e-06,-0.273931223737028,0.0233651821030739,Common
cg08167410,Parity_Blood,chr9,37062050,37062051,,,,0.0502313133038168,0.2941447961368553,0.6698445898729048,2.1801631233331944e-06,0.3017630584432058,0.023425393778505,Beta-only
cg04650544,Parity_Blood,chr11,131382079,131382080,NTM,Body,,4.978757464486748e-06,-0.2993179724978929,0.0645661200018527,2.371929501106648e-06,0.30793219728323,0.0245254365959382,Common
cg15942601,Parity_Blood,chr5,172000372,172000373,,,,6.587279965167588e-06,0.261029019314374,0.0415451764363274,2.3903803357682906e-06,0.2713777528878337,0.0245254365959382,Common
cg15056456,Parity_Blood,chr1,11561489,11561490,PTCHD2,Body,Island,0.008775795915827,0.3556881546234761,0.4695236174117977,2.394183296394051e-06,0.3022344748333735,0.0245254365959382,Beta-only
cg00611585,Parity_Blood,chr7,26324848,26324849,,,,2.732025312275707e-07,-0.3187586394928618,0.0258484518269279,2.402676116789856e-06,0.2877795336698732,0.0245254365959382,Common
cg11752329,Parity_Blood,chr20,54822653,54822654,MC3R,TSS1500,N_Shore,0.0003797485917587,-0.2235168853561093,0.2718920221352909,2.4415976875784107e-06,0.3089099679886823,0.024615042445275,Beta-only
cg14355661,Parity_Blood,chr1,151127638,151127639,TNFAIP8L2-SCNM1;TNFAIP8L2,TSS1500;TSS1500,,3.1308115469319987e-06,0.151660508330796,0.0324088259347979,2.5361784612997e-06,0.1592162171798291,0.025226439881883,Common
cg15709714,Parity_Blood,chr9,136498328,136498329,,,,2.933567406714535e-06,0.2539174260783926,0.0311068789993575,2.5743919753170246e-06,0.2552677715604695,0.025226439881883,Common
cg24161779,Parity_Blood,chr17,11701299,11701300,DNAH9,Body,,1.5326778792375403e-06,-0.3062781081058319,0.0423302247841349,2.5949186509962963e-06,0.2994531312432905,0.025226439881883,Common
cg10815453,Parity_Blood,chr21,45122781,45122782,,,,1.5152462017072934e-06,-0.3052296245729223,0.0423302247841349,2.7004882753459365e-06,0.2958885351531652,0.025620783552309,Common
cg15593647,Parity_Blood,chr11,69232068,69232069,,,,2.1643138296759385e-06,0.1576881296381146,0.0268271220013377,2.7296072135954382e-06,0.1562194463257871,0.025620783552309,Common
cg07062950,Parity_Blood,chr7,23316305,23316306,,,,1.0,0.0,1.0,2.7877251453164266e-06,0.1390064028603704,0.0258689489155224,Beta-only
cg11045746,Parity_Blood,chr6,116783807,116783808,FAM26F,Body,S_Shore,1.176964928906571e-06,0.2191948792127386,0.0205432058432237,2.834040046697131e-06,0.2096724811052454,0.0260032408796973,Common
cg03406535,Parity_Blood,chr1,10056957,10056958,RBP7,TSS1500,N_Shore,1.712682455272968e-06,0.1897999743508308,0.0240416043167822,3.206692128397537e-06,0.1852303541486887,0.0284630175958472,Common
cg19481605,Parity_Blood,chr11,61596812,61596813,FADS2;FADS2;FADS2,Body;Body;Body,S_Shore,3.698882380852736e-06,0.2368146481205922,0.0641202920239246,3.268093929673601e-06,0.2276556245780668,0.0286961137134105,Common
cg19832565,Parity_Blood,chr17,79045765,79045766,BAIAP2;BAIAP2;BAIAP2;BAIAP2,Body;Body;Body;Body,S_Shore,1.464980890914976e-06,-0.3070249449228265,0.0228006525624058,3.33447219178328e-06,-0.3033754004088213,0.0289674822308403,Common
cg15835644,Parity_Blood,chr7,26399791,26399792,SNX10;SNX10;SNX10;SNX10,TSS1500;Body;Body;Body,,2.3330493023546818e-06,0.1516383097818067,0.0273113061575872,3.487744213902332e-06,0.1546651795839762,0.0296979266604144,Common
cg23304252,Parity_Blood,chr17,1101093,1101094,,,,1.0059845357495024e-05,0.1395201322236486,0.0506732074983832,3.4999090487716186e-06,0.1435357752489203,0.0296979266604144,Beta-only
cg17376619,Parity_Blood,chr1,220941443,220941444,MARC2,Body,,1.2110047406303873e-05,0.2428710686684116,0.0553917540833291,3.5276570847806326e-06,0.2687905165361923,0.0296979266604144,Beta-only
cg01161222,Parity_Blood,chr22,50127486,50127487,,,,2.409509298077744e-06,-0.2755414190779602,0.0273559751851937,3.565158544794904e-06,-0.2721913014490947,0.0297073747787111,Common
cg10963314,Parity_Blood,chr9,130124002,130124003,GARNL3;GARNL3;GARNL3,Body;Body;Body,,2.6372483075629266e-06,0.1678967875641756,0.0290058991317452,3.605038112687241e-06,0.1660770552824366,0.0297362479088166,Common
cg02803727,Parity_Blood,chr2,106093197,106093198,,,,5.395652416581037e-06,-0.2955357843022799,0.0391109082108034,3.654920975174986e-06,-0.3004993163343026,0.0298462308801179,Common
cg23437922,Parity_Blood,chr19,33571641,33571642,GPATCH1,TSS200,N_Shore,3.4980461810141657e-06,0.3014594439139261,0.0340183990179356,3.723790431119488e-06,0.3005110835920933,0.0301075461506326,Common
cg00931607,Parity_Blood,chrX,111117853,111117854,TRPC5OS;TRPC5,TSS1500;Body,,1.6727718915663149e-06,0.2393491383228977,0.0240301192627912,3.7757905344295614e-06,0.2311369760812948,0.030228682878209,Common
cg21585289,Parity_Blood,chr5,36073937,36073938,,,,0.4685047620924943,-0.1030503547830031,0.9462882911418182,3.850162332361762e-06,0.22494184292385,0.0305248345753004,Beta-only
cg10026389,Parity_Blood,chr3,35680545,35680546,ARPP21,TSS200,Island,1.0,0.0,1.0,4.13141145929379e-06,0.2900180466903349,0.0324396838779341,Beta-only
cg06702850,Parity_Blood,chr6,166876890,166876891,RPS6KA2;RPS6KA2,Body;Body,,0.0048169458194622,0.1127680867840804,0.4115433073850005,4.198685024243141e-06,0.1582523892476991,0.0325617172721479,Beta-only
cg18135502,Parity_Blood,chr10,126245651,126245652,LHPP;LHPP,Body;Body,,0.236800306356138,-0.0796293601649573,0.8564306836845429,4.261262288454941e-06,-0.3011993982991405,0.0325617172721479,Beta-only
cg24003442,Parity_Blood,chr21,44561992,44561993,,,,1.0,0.0,1.0,4.286724163535602e-06,0.2880481807320589,0.0325617172721479,Beta-only
cg08844879,Parity_Blood,chr1,244486942,244486943,,,,3.57627005744685e-06,0.289510679378072,0.0340183990179356,4.306451432263348e-06,0.285407353518684,0.0325617172721479,Common
cg19844718,Parity_Blood,chr16,89477562,89477563,ANKRD11;ANKRD11;ANKRD11;ANKRD11,Body;5'UTR;5'UTR;5'UTR,,2.183880205772577e-06,0.2390238153339655,0.0516482802771628,4.493503651103198e-06,0.2279801319858697,0.0333583005045952,Common
cg10681065,Parity_Blood,chr7,100239172,100239173,TFR2;TFR2,5'UTR;1stExon,,4.286849012189208e-06,0.1688194062895002,0.0362827142669377,4.5844580622381785e-06,0.1683512547628143,0.0337167297916875,Common
cg07372360,Parity_Blood,chr11,44960860,44960861,TP53I11;TP53I11;TP53I11;TP53I11;TP53I11;TP53I11,5'UTR;5'UTR;5'UTR;5'UTR;5'UTR;5'UTR,,0.0216601467955389,0.0730361537389909,0.5715093761964641,4.65591109895842e-06,0.1133226656013405,0.0337167297916875,Beta-only
cg05176195,Parity_Blood,chr17,71781862,71781863,LOC400620;LINC00469,TSS1500;Body,,4.792801781381478e-06,0.2809012248822333,0.0380625956295611,4.665652466141106e-06,0.2787226121616309,0.0337167297916875,Common
cg00080081,Parity_Blood,chr17,33701776,33701777,SLFN11;SLFN11;SLFN11;SLFN11;SLFN11,TSS1500;TSS1500;TSS1500;TSS1500;TSS1500,S_Shore,3.283171529544204e-06,0.1997739061464854,0.033014963169241,4.76033211764047e-06,0.1971109995721882,0.0340682688002586,Common
cg12100791,Parity_Blood,chr16,31214417,31214418,PYCARD;PYCARD,TSS200;TSS200,S_Shore,4.921360433437432e-06,0.1241918438928619,0.0645661200018527,4.797736616560466e-06,0.1241058956618632,0.0340682688002586,Common
cg11202546,Parity_Blood,chr11,12088476,12088477,,,,4.129166441599363e-06,0.1293307567512127,0.0360519696087116,4.929258685295637e-06,0.1328740025982175,0.0347004513745444,Common
cg23518972,Parity_Blood,chr12,58283489,58283490,,,,4.322450770027215e-06,0.2981583133086066,0.0362827142669377,5.07975086156928e-06,0.2947700650200734,0.0351799757464242,Common
cg12280065,Parity_Blood,chr17,40687885,40687886,NAGLU,TSS200,N_Shore,1.5305950661741172e-05,0.1286599068632824,0.0591976143541441,5.083537599715483e-06,0.1303915835727354,0.0351799757464242,Beta-only
cg19303980,Parity_Blood,chr7,105319792,105319793,ATXN7L1;ATXN7L1,TSS200;Body,,4.9921334341691965e-06,0.1286971823190636,0.0386153590027004,5.592643079910362e-06,0.1307950258405367,0.0377776223066704,Common
cg24707889,Parity_Blood,chr21,46341304,46341305,ITGB2;ITGB2,5'UTR;TSS1500,,5.171928725971577e-06,-0.2363774886929049,0.0388308125643664,5.597685413134306e-06,-0.2363893174916603,0.0377776223066704,Common
cg05139080,Parity_Blood,chr5,79513269,79513270,SERINC5;SERINC5;SERINC5;SERINC5;SERINC5,Body;Body;Body;Body;Body,,7.508690041680873e-06,-0.2721058591542364,0.0426696979076851,5.6940147978718665e-06,-0.2754141684177696,0.038112748032798,Common
cg07197230,Parity_Blood,chr22,17956641,17956642,CECR2,1stExon,,1.1596446012933675e-06,0.1129911584643392,0.0205432058432237,5.765749889402395e-06,0.1056556318088682,0.0382320532910353,Common
cg00234944,Parity_Blood,chr2,100858410,100858411,LINC01104,Body,,0.2179103516391784,0.1941133677193512,0.8790976079320362,5.805475613747152e-06,-0.2824850694054617,0.0382320532910353,Beta-only
cg12792363,Parity_Blood,chr11,63274030,63274031,LGALS12;LGALS12;LGALS12;LGALS12;LGALS12,Body;Body;TSS1500;Body;TSS1500,,6.589563522575387e-06,0.1593132714753988,0.0415451764363274,5.934211125671404e-06,0.1599071608641905,0.0384711118611715,Common
cg04322202,Parity_Blood,chr4,66533472,66533473,EPHA5;EPHA5,Body;Body,N_Shore,1.3137438487788298e-05,-0.2046720819772507,0.0557080416483349,6.04316894212993e-06,-0.2126932834137923,0.0384711118611715,Beta-only
cg27303855,Parity_Blood,chr1,33937682,33937683,ZSCAN20,TSS1500,N_Shore,3.416997519951195e-05,0.2033823321773435,0.1334314144208391,6.06466424606902e-06,0.217311087814318,0.0384711118611715,Beta-only
cg14200350,Parity_Blood,chr9,35690051,35690052,TPM2;TPM2;TPM2;TPM2;TPM2;TPM2;TPM2;TPM2,1stExon;1stExon;1stExon;1stExon;5'UTR;5'UTR;5'UTR;5'UTR,Island,2.3667752637959565e-06,0.2334723082765574,0.0273113061575872,6.078722118497951e-06,0.2177634464752677,0.0384711118611715,Common
cg09595185,Parity_Blood,chr17,46667812,46667813,LOC404266;LOC404266,TSS200;TSS200,N_Shore,4.866599716525765e-06,0.1422367910742788,0.0380625956295611,6.101055395248255e-06,0.1415019980425444,0.0384711118611715,Common
cg25304620,Parity_Blood,chr11,17568902,17568903,OTOG;OTOG,TSS200;TSS200,S_Shelf,0.0179104795209225,-0.1138052095258596,0.5492241197253894,6.1715539647289004e-06,-0.2661318295394028,0.0384711118611715,Beta-only
cg09455513,Parity_Blood,chr10,3792283,3792284,,,,3.531742948917412e-06,0.1461267565493484,0.0340183990179356,6.27296758791877e-06,0.1436032926317781,0.0385511249522424,Common
cg24585334,Parity_Blood,chr1,206260565,206260566,C1orf186,5'UTR,,6.441905143504343e-06,0.2079755632464695,0.0415451764363274,6.278807866050435e-06,0.2083385104213309,0.0385511249522424,Common
cg20618087,Parity_Blood,chr22,50250283,50250284,ZBED4,5'UTR,Island,5.438589877952166e-06,0.2966544188279307,0.0653049758204117,6.330044568952252e-06,-0.2948009629949866,0.0385756695163036,Beta-only
cg23689722,Parity_Blood,chr1,3100956,3100957,PRDM16;PRDM16,Body;Body,N_Shore,2.1723692960522485e-06,0.1282695039576298,0.0268271220013377,6.561285972523002e-06,0.1188679713634906,0.0394620549764856,Common
cg02617560,Parity_Blood,chr8,32785757,32785758,,,,3.996590958156289e-06,0.2368786803498447,0.0645661200018527,6.664724179567401e-06,0.2307976844083671,0.0397258425104486,Common
cg06432604,Parity_Blood,chr6,38789828,38789829,DNAH8,Body,,0.4490601066738563,0.199998256757635,0.9247330696193108,6.813646007186533e-06,0.2884054186766082,0.0401102119541944,Beta-only
cg03754882,Parity_Blood,chr8,124688770,124688771,,,,8.87574713130126e-06,-0.2837212754364973,0.0471916295434744,6.827445691709844e-06,-0.2889881659706299,0.0401102119541944,Common
cg02258852,Parity_Blood,chr2,64413995,64413996,LINC00309,Body,,7.429858059027402e-06,-0.2136339788261221,0.0426696979076851,6.997375518986909e-06,-0.2140758033947409,0.0408148917021913,Common
cg08049519,Parity_Blood,chr15,81412880,81412881,,,S_Shore,3.88571681952766e-05,-0.2715470106486863,0.0908698760559221,7.13761892030185e-06,-0.2962575731028253,0.0411551818786741,Beta-only
cg05940455,Parity_Blood,chr2,233265137,233265138,,,,1.1062631495547618e-06,-0.2740699151009743,0.0204922730214116,7.215560082147559e-06,-0.2539699567052007,0.0411551818786741,Common
cg00285394,Parity_Blood,chr8,126011954,126011955,SQLE,Body,S_Shore,7.516678397221446e-06,0.2913706212972602,0.0426696979076851,7.287478103077771e-06,0.291797551476627,0.0411551818786741,Common
cg03911840,Parity_Blood,chr4,16792223,16792224,LDB2;LDB2;LDB2;LDB2;LDB2,Body;Body;Body;Body;Body,,0.0003041480064736,-0.2355727807944481,0.2544702371169548,7.29958132623633e-06,0.2906706947436824,0.0411551818786741,Beta-only
cg11469627,Parity_Blood,chr4,184434026,184434027,,,,1.0,0.0,1.0,7.307705292170678e-06,-0.2759971278994169,0.0411551818786741,Beta-only
cg13678625,Parity_Blood,chr7,98730759,98730760,SMURF1;SMURF1;SMURF1,Body;Body;Body,,5.647447934040935e-06,-0.2862805670315787,0.0401543245748177,7.59677563227427e-06,-0.2810825570698408,0.0424628555091977,Common
cg22251955,Parity_Blood,chr11,118022607,118022608,SCN4B;SCN4B,Body;Body,N_Shore,2.1319689411223944e-05,0.2707116123573884,0.0684707444688654,7.743714716616562e-06,0.2845697191400367,0.0427266784624861,Beta-only
cg07825433,Parity_Blood,chr4,1215099,1215100,CTBP1;CTBP1,Body;Body,N_Shelf,0.0049135968103718,-0.1869785146544878,0.4920229751683473,7.963588413001446e-06,0.2894781626946938,0.0436449540430243,Beta-only
cg14925253,Parity_Blood,chr2,102680808,102680809,,,,6.822504022477491e-06,0.1682362329016498,0.0419391797897346,8.302948234229881e-06,0.1692682036909172,0.0445543925076271,Common
cg26931661,Parity_Blood,chr6,42749071,42749072,,,N_Shore,1.6746531073844976e-06,-0.2828044729355944,0.0431168971287264,8.343341211981932e-06,0.2632212212587835,0.0445543925076271,Common
cg20680773,Parity_Blood,chr20,48043901,48043902,KCNB1,Body,,0.0136231535702137,0.1037952134050006,0.5192639481074695,8.347769608851967e-06,0.1533249924737136,0.0445543925076271,Beta-only
cg08638312,Parity_Blood,chr10,12171805,12171806,SEC61A2;SEC61A2;SEC61A2;SEC61A2;SEC61A2,Body;Body;Body;Body;Body,Island,1.0,0.0,1.0,8.419131036481745e-06,-0.2472581464537125,0.0446434810449034,Beta-only
cg16661744,Parity_Blood,chr17,60868835,60868836,MARCH10;MARCH10,Body;Body,,8.211080783762595e-06,0.1374950400532852,0.0456929495990843,8.615972771658125e-06,0.1371607371887888,0.0448596884469604,Common
cg07551857,Parity_Blood,chr10,33270948,33270949,,,S_Shore,7.263533180679466e-06,0.2496123929551247,0.0426696979076851,8.62470804229809e-06,0.247933964832942,0.0448596884469604,Common
cg14585083,Parity_Blood,chr20,52309403,52309404,,,,5.756241876464946e-06,0.1501904578623046,0.0405185895053681,9.011303552725904e-06,0.1522173586637424,0.0459802997936288,Common
cg09663736,Parity_Blood,chr11,131554122,131554123,NTM,Body,,3.3790467727611565e-05,0.2668439233080575,0.1334314144208391,9.064045448318042e-06,-0.2849702598380602,0.0459802997936288,Beta-only
cg10241261,Parity_Blood,chr1,236135477,236135478,,,,7.432629096268839e-06,0.2439593751164549,0.0753328868960464,9.065383303013748e-06,0.2408064338036413,0.0459802997936288,Common
cg17245865,Parity_Blood,chr6,158184816,158184817,,,,6.007146704563094e-06,0.1604667454239707,0.0679431713672871,9.217452789876809e-06,0.15628700335792,0.0460277280093471,Common
cg06477446,Parity_Blood,chr7,7154779,7154780,,,,9.457380856281e-06,0.2906349827499884,0.0489493866647219,9.219520081971509e-06,0.2911150601305592,0.0460277280093471,Common
cg10656654,Parity_Blood,chr16,79298218,79298219,,,,7.648656963135294e-06,0.2915820981472298,0.0430715454155974,9.24382857974359e-06,0.2888188792894482,0.0460277280093471,Common
cg01028239,Parity_Blood,chr6,133522852,133522853,,,,0.0755318304598088,0.1141928539817091,0.7231580231603075,9.36253866760436e-06,0.2881099588115612,0.0463362819764872,Beta-only
cg14947070,Parity_Blood,chr13,111522285,111522286,LINC00346,Body,,5.091069123188779e-06,0.294525605737042,0.0647280524819916,9.442202415383246e-06,0.2820945365595019,0.0463780940293056,Beta-only
cg08696025,Parity_Blood,chr17,37251743,37251744,PLXDC1,Body,,8.671935241014465e-06,0.2377564223789937,0.046597220761044,9.51533830062704e-06,0.2370932870739919,0.0463780940293056,Common
cg24743426,Parity_Blood,chr8,70404859,70404860,SULF1;SULF1;SULF1;SULF1,TSS200;TSS200;5'UTR;5'UTR,,8.873945436326252e-06,-0.2820695518487152,0.0833914232469699,9.541368640030364e-06,-0.2765417450471105,0.0463780940293056,Beta-only
cg19536664,Parity_Blood,chr17,6899085,6899086,ALOX12,TSS1500,Island,8.9937722794416e-06,-0.1792253666232795,0.0472446213724246,9.70167974361737e-06,-0.1786239669473825,0.046878286895603,Common
cg01744029,Parity_Blood,chr22,19593343,19593344,,,,2.325657763314462e-05,0.276732460032204,0.0721165982027045,9.804175399208083e-06,0.2889652529856742,0.0470948755746759,Beta-only
cg27462975,Parity_Blood,chr4,24415155,24415156,,,,1.253284858950313e-05,-0.2200220899038312,0.0557080416483349,1.0262630418892935e-05,-0.221988556576605,0.0489790771001724,Beta-only
cg03531388,Parity_Blood,chr13,27077539,27077540,,,,0.1721072172600268,0.0878717605455722,0.8210050672858381,1.0316385005742872e-05,0.2862798304674777,0.0489790771001724,Beta-only
cg06962035,Parity_Blood,chr20,31484470,31484471,,,,0.0001219794090187,0.193221219603055,0.1412466570628284,1.0436379007317507e-05,0.1934381622212437,0.0492623632537081,Beta-only
cg13733119,Parity_Blood,chr11,12246821,12246822,MICAL2;MICAL2;MICAL2;MICAL2;MICAL2;MICAL2,Body;Body;Body;Body;Body;Body,,0.0006475649584586,0.218681168297889,0.2367037740963428,1.0666026618598284e-05,0.2630981108740222,0.0498497076335755,Beta-only
cg00180865,Parity_Blood,chr4,162978267,162978268,FSTL5;FSTL5;FSTL5,Body;Body;Body,,6.620102135427807e-06,-0.2909155004504169,0.0715430024374259,1.0682899956252636e-05,0.2808133908237858,0.0498497076335755,Common
cg25709790,Parity_Blood,chr7,24742552,24742553,DFNA5;DFNA5;DFNA5,Body;Body;Body,,4.662759637984563e-06,-0.2958785688197112,0.0645661200018527,1.0865530273764875e-05,0.2855460958466797,0.0503166362681729,haEWAS-only
cg09250994,Parity_Blood,chr19,8642571,8642572,MYO1F,TSS1500,,3.829285818650957e-06,0.143439937069239,0.0350059882175212,1.1123495709524334e-05,0.1405771417746872,0.0504763842972122,haEWAS-only
cg16905911,Parity_Blood,chr20,48883976,48883977,LINC01272,TSS200,,3.920023119784241e-06,0.1762591424701223,0.0353760476176662,1.1560748964851268e-05,0.1804857292183639,0.0510300207983427,haEWAS-only
cg24826020,Parity_Blood,chr4,38070998,38070999,TBC1D1,Body,,6.587792658983936e-06,0.2150295061524188,0.0415451764363274,1.2137226296056596e-05,0.209792084165119,0.052565153177915,haEWAS-only
cg20501011,Parity_Blood,chr1,841067,841068,,,S_Shore,1.5795111598306069e-06,0.1341796577132994,0.0231631033746433,1.2166011862084848e-05,0.1232491707172709,0.052565153177915,haEWAS-only
cg09864323,Parity_Blood,chr16,1210284,1210285,CACNA1H;CACNA1H,Body;Body,Island,4.87068718456657e-07,-0.3200001754994287,0.0268560202388707,1.5119883247023745e-05,0.2761850775924453,0.0593603708608297,haEWAS-only
cg06825448,Parity_Blood,chr2,240884925,240884926,,,,8.24399331031473e-06,0.2061855296774289,0.0456929495990843,1.5421121573728583e-05,0.2006407943192974,0.0596822254103936,haEWAS-only
cg04423314,Parity_Blood,chr7,100239188,100239189,TFR2,TSS200,,9.611715262581509e-06,0.1526353339524369,0.0493850631776493,1.5575356753202157e-05,0.1495130568599157,0.0597131390896333,haEWAS-only
cg04338547,Parity_Blood,chr9,139543459,139543460,,,,8.331752869402924e-06,0.1631989910908947,0.0458185872425219,1.606774657069924e-05,0.1557760181767035,0.061027842421485,haEWAS-only
cg25283707,Parity_Blood,chr10,119190924,119190925,,,,4.821063353343273e-06,0.1186156369687203,0.0380625956295611,1.6599260109269313e-05,0.1153697072305318,0.0623562374100194,haEWAS-only
cg00665420,Parity_Blood,chr9,133537030,133537031,,,Island,2.5761876229387126e-06,-0.2381179409311658,0.0556813757905142,1.883315782652828e-05,-0.2112630940796798,0.064883535926494,haEWAS-only
cg17141408,Parity_Blood,chr18,72191649,72191650,,,,6.513215437905876e-06,0.1373640252621387,0.0415451764363274,2.0704237893147307e-05,0.1334375698412122,0.0690088305326353,haEWAS-only
cg25697242,Parity_Blood,chr3,17363960,17363961,TBC1D5;TBC1D5,Body;Body,,2.518912223654624e-06,0.2235183361065909,0.0281441261367627,2.1649642318700204e-05,0.2061213192358025,0.0712623405318515,haEWAS-only
cg05215272,Parity_Blood,chr17,6899095,6899096,ALOX12,TSS1500,Island,2.0545368808506107e-06,-0.2258177672659735,0.0267815350405353,3.2852697931582004e-05,-0.1998545150372037,0.0860146174366839,haEWAS-only
cg02624690,Parity_Blood,chr17,37323484,37323485,ARL5C,TSS1500,S_Shore,6.035196854517194e-07,0.1831943484274546,0.0141607243742421,3.92849649223741e-05,0.1785814645783474,0.0928152163117355,haEWAS-only
cg16407947,Parity_Blood,chr10,5930543,5930544,ANKRD16;ANKRD16;ANKRD16,Body;Body;Body,N_Shore,9.299398264012476e-06,0.1380967079567994,0.048488233583898,3.9385103077275485e-05,0.1257856984843748,0.0928152163117355,haEWAS-only
cg03462943,Parity_Blood,chr2,128407068,128407069,GPR17;GPR17;LIMS2;LIMS2;LIMS2;LIMS2;GPR17;LIMS2;GPR17,5'UTR;5'UTR;TSS1500;Body;Body;Body;5'UTR;Body;5'UTR,N_Shore,2.7884172525709296e-06,0.2254861882359786,0.0301967142000837,3.982163109661273e-05,0.1973729130474105,0.0928537436470427,haEWAS-only
cg27052069,Parity_Blood,chr10,102391675,102391676,,,,4.226872853045159e-06,-0.2302388266439698,0.0645661200018527,4.2557075055763016e-05,0.2067299273499387,0.0952603023052529,haEWAS-only
cg10194937,Parity_Blood,chrX,42638108,42638109,PPP1R2P9,TSS1500,S_Shore,6.025139356487315e-06,0.2117162192130302,0.0411760948447273,4.26133642150608e-05,0.1937025073375587,0.0952603023052529,haEWAS-only
cg05894766,Parity_Blood,chr5,109024633,109024634,MAN2A1,TSS1500,N_Shore,4.381304224407068e-06,0.1380637559128708,0.0362827142669377,4.462953274340516e-05,0.1365646926217481,0.0976184777702537,haEWAS-only
cg17474649,Parity_Blood,chr13,101254910,101254911,,,,6.684048153425861e-06,-0.2615409116095322,0.0416367104737481,5.633298336651138e-05,-0.2261431559801917,0.1084650670710069,haEWAS-only
cg17434561,Parity_Blood,chrX,68096880,68096881,,,,4.537605362526983e-06,-0.175927141317791,0.0645661200018527,6.270870221163371e-05,0.1629650185181897,0.1121148275165632,haEWAS-only
cg11391543,Parity_Blood,chr16,31127882,31127883,KAT8;KAT8,TSS1500;TSS1500,N_Shore,4.1485729482810185e-06,0.1917056403863724,0.0360519696087116,6.958858682423607e-05,0.1722938466163385,0.1166715189375511,haEWAS-only
cg04046832,Parity_Blood,chrX,31947837,31947838,DMD;DMD;DMD;DMD;DMD;DMD;DMD;DMD;DMD;DMD;DMD,5'UTR;5'UTR;5'UTR;5'UTR;5'UTR;Body;Body;Body;Body;Body;Body,,1.4308201460028189e-06,-0.2161860843884913,0.0423302247841349,8.304330373567555e-05,0.1806546436536151,0.1242656715301676,haEWAS-only
cg20521031,Parity_Blood,chr10,95574575,95574576,,,,5.445135514576132e-06,0.2237648663059823,0.0391109082108034,0.0001600772863596,0.1838015491858345,0.1572134254020079,haEWAS-only
cg16142759,Parity_Blood,chr3,10478091,10478092,ATP2B2;ATP2B2,Body;Body,,1.871773330615924e-06,0.3136308695553925,0.0253375836506512,0.0002806343279443,0.2403748382838926,0.1878983893721612,haEWAS-only
cg08023692,Parity_Blood,chrX,132352214,132352215,TFDP3,1stExon,,6.482213106165145e-06,0.2798007436460542,0.0415451764363274,0.0003191030059766,0.2239264720350329,0.1948956345523224,haEWAS-only
cg23052081,Parity_Blood,chr20,50808205,50808206,ZFP64;ZFP64;ZFP64;ZFP64;ZFP64;ZFP64;ZFP64;ZFP64,1stExon;1stExon;5'UTR;5'UTR;5'UTR;1stExon;1stExon;5'UTR,Island,5.872708641424409e-06,-0.2524401211885681,0.0407401500059552,0.0003207658028404,-0.1841091666330808,0.1951448375595926,haEWAS-only
cg23603995,Parity_Blood,chr6,157198648,157198649,ARID1B;ARID1B;ARID1B,Body;Body;Body,,4.383159557354112e-07,-0.329921980095563,0.0268560202388707,0.0003490995952893,0.2369574326505259,0.2024688394258712,haEWAS-only
cg02987387,Parity_Blood,chr19,38974074,38974075,RYR1;RYR1,Body;Body,Island,3.4467914500739005e-06,0.2094848375932742,0.0340183990179356,0.0008026096485905,0.1495238838671046,0.2703854164511687,haEWAS-only
cg03112518,Parity_Blood,chr19,491572,491573,,,S_Shore,6.851765468761478e-06,0.2930613038442957,0.0419391797897346,0.0030673570378099,0.1957160905628175,0.4088863371178595,haEWAS-only
cg25688973,Parity_Blood,chr5,131563953,131563954,P4HA2;P4HA2;P4HA2;P4HA2;P4HA2,TSS1500;TSS1500;TSS1500;TSS1500;TSS1500,Island,1.331878563440681e-06,0.2367220762191884,0.0218027591617637,0.0033562706119724,0.1666970436299638,0.4170884706962899,haEWAS-only
cg20572931,Parity_Blood,chr3,9791220,9791221,OGG1;OGG1;OGG1;OGG1;OGG1;OGG1;OGG1;OGG1,TSS1500;TSS1500;TSS1500;TSS1500;TSS1500;TSS1500;TSS1500;TSS1500,Island,2.8256516595957213e-07,0.2342714798431844,0.0090408908306865,0.0052221314016933,0.2398183721413213,0.4673841945581356,haEWAS-only
cg25560443,Parity_Blood,chr2,23726440,23726441,KLHL29,5'UTR,,8.656012480503908e-06,0.2807507597059444,0.046597220761044,0.0490336154307687,0.2243957717193147,0.7517724140389803,haEWAS-only
cg24529615,Parity_Blood,chr1,35661778,35661779,,,S_Shelf,4.105936052488506e-07,0.3321377270365652,0.0110387487218162,0.0930309105590826,0.1115832950699736,0.8237084119216203,haEWAS-only
cg01634982,Parity_Blood,chr20,48504795,48504796,SLC9A8,3'UTR,,3.75057547304662e-06,0.2261444936364853,0.0349227089260802,0.721377984531284,0.0399761612612948,0.9858144601639132,haEWAS-only
cg17802364,Parity_Blood,chr13,99100712,99100713,FARP1,3'UTR,,7.362309742684648e-06,0.2199765085291234,0.0426696979076851,0.7529226623000038,0.0528485173602733,0.9877002669369068,haEWAS-only
cg00365670,Parity_Blood,chr17,17970534,17970535,C17orf39,3'UTR,,4.52286055617872e-06,0.2288690092753872,0.0370194558781173,0.9145549970499356,0.0099939132392091,0.9964169510262676,haEWAS-only
